{"Close": [0.14619814608442577, 0.6221992201160187, 0.5814420377593382, 0.0, 0.0], "MACD": [0.14053985973573854, 0.6257160685290771, 0.5757565013500714, 0.0, 0.0016767744199051064], "Histogram": [0.14513225707823824, 0.6299914870069571, 0.5729647793875048, 0.0, 0.0033937182671888856], "flips": [0.14240006518710066, 0.6295485707861695, 0.5598046163355528, 0.0, 0.005059753458338433], "200-day EMA": [0.15170127405730463, 0.6340619970779848, 0.5607544531999817, 0.0, 0.006824359999262643]}