{"Close": [0.14619814608442577, 1.0, 0.08207020527306667], "RSI": [0.14053985973573854, 0.911622494524973, 0.08519539301462889], "TRAMA": [0.14513225707823824, 0.9063025719775827, 0.08880449866897895]}