{"Close": {"min": 81.81999969482422, "diff": 104.75049591064453}, "earning diffs": {"min": -0.14, "diff": 0.5900000000000001}, "Momentum": {"min": -37.66600036621094, "diff": 66.54051208496094}}