{"Close": {"min": 81.81999969482422, "diff": 104.75049591064453}, "Histogram": {"min": -3.317492101836865, "diff": 6.71045857355959}, "Momentum": {"min": -37.66600036621094, "diff": 66.54051208496094}, "Change": {"min": -20.31499481201172, "diff": 39.108985900878906}, "ema_flips": {"min": 0, "diff": 1}, "signal_flips": {"min": 0, "diff": 1}, "200-day EMA": {"min": 89.27015749699834, "diff": 78.5619051075303}}