{"Close": {"min": 81.81999969482422, "diff": 104.75049591064453}, "RSI": {"min": 13.524371867428286, "diff": 77.40146247884448}, "TRAMA": {"min": 84.87657154628208, "diff": 97.95439899989536}, "Bollinger Middle": {"min": 86.325, "diff": 95.19635009765624}, "Above Bollinger": {"min": 0, "diff": 1}, "Bellow Bollinger": {"min": 0, "diff": 1}, "Momentum": {"min": -37.66600036621094, "diff": 66.54051208496094}}