{"Close": {"min": 81.81999969482422, "diff": 104.75049591064453}, "RSI": {"min": 13.524371867428286, "diff": 77.40146247884448}, "TRAMA": {"min": 84.87657154628208, "diff": 97.95439899989536}}