{"Close": {"min": 54.92303466796875, "diff": 126.02696228027344}, "Momentum": {"min": -24.808303833007812, "diff": 49.6036376953125}}