{"Close": {"min": 131.3955078125, "diff": 216.70449829101562}, "earning diffs": {"min": -0.06000000000000005, "diff": 0.44999999999999996}, "Momentum": {"min": -36.25938415527344, "diff": 70.11253356933594}}