{"Close": {"min": 131.3955078125, "diff": 216.70449829101562}, "Histogram": {"min": -3.731631032786656, "diff": 6.8156532032092025}, "Momentum": {"min": -36.25938415527344, "diff": 70.11253356933594}, "Change": {"min": -22.714263916015625, "diff": 42.6207275390625}, "ema_flips": {"min": 0, "diff": 1}, "signal_flips": {"min": 0, "diff": 1}, "200-day EMA": {"min": 131.75873999213542, "diff": 160.21512938032117}}