{"Close": {"min": 131.3955078125, "diff": 216.70449829101562}, "RSI": {"min": 6.806112110525973, "diff": 82.97903774748106}, "TRAMA": {"min": 142.69080156598773, "diff": 195.39190848214287}}