{"Close": {"min": 131.3955078125, "diff": 216.70449829101562}, "RSI": {"min": 6.806112110525973, "diff": 82.97903774748106}, "TRAMA": {"min": 142.69080156598773, "diff": 195.39190848214287}, "Bollinger Middle": {"min": 144.65437393188478, "diff": 190.7306251525879}, "Above Bollinger": {"min": 0, "diff": 1}, "Bellow Bollinger": {"min": 0, "diff": 1}, "Momentum": {"min": -36.25938415527344, "diff": 70.11253356933594}}