{"Close": {"min": 166.3699951171875, "diff": 525.3200073242188}, "earning diffs": {"min": -0.40000000000000013, "diff": 1.3700000000000003}, "Momentum": {"min": -181.1400146484375, "diff": 263.9599914550781}}