{"Close": {"min": 166.3699951171875, "diff": 525.3200073242188}, "Histogram": {"min": -18.311658768487227, "diff": 26.365039884538184}, "Momentum": {"min": -181.1400146484375, "diff": 263.9599914550781}, "Change": {"min": -122.41998291015625, "diff": 206.99002075195312}, "ema_flips": {"min": 0, "diff": 1}, "signal_flips": {"min": 0, "diff": 1}, "200-day EMA": {"min": 289.9525885261703, "diff": 289.24846733695097}}