{"Close": {"min": 166.3699951171875, "diff": 525.3200073242188}, "RSI": {"min": 2.5408568958527695, "diff": 91.59753206013022}, "TRAMA": {"min": 178.39942953927178, "diff": 493.784564426967}, "Bollinger Middle": {"min": 179.42300033569336, "diff": 492.70399551391597}, "Above Bollinger": {"min": 0, "diff": 1}, "Bellow Bollinger": {"min": 0, "diff": 1}, "Momentum": {"min": -181.1400146484375, "diff": 263.9599914550781}}