{"Close": {"min": 166.3699951171875, "diff": 525.3200073242188}, "RSI": {"min": 2.5408568958527695, "diff": 91.59753206013022}, "TRAMA": {"min": 178.39942953927178, "diff": 493.784564426967}}