{"Close": {"min": 127.28996276855469, "diff": 171.1200408935547}, "earning diffs": {"min": -0.10999999999999988, "diff": 0.43000000000000016}, "Momentum": {"min": -64.73125457763672, "diff": 101.81334686279297}}