{"Close": {"min": 127.28996276855469, "diff": 171.1200408935547}, "Histogram": {"min": -6.072998764247762, "diff": 10.089636877997737}, "Momentum": {"min": -64.73125457763672, "diff": 101.81334686279297}, "Change": {"min": -26.10791015625, "diff": 49.179779052734375}, "ema_flips": {"min": 0, "diff": 1}, "signal_flips": {"min": 0, "diff": 1}, "200-day EMA": {"min": 176.05295781106815, "diff": 97.4545553642534}}