{"Close": {"min": 127.28996276855469, "diff": 171.1200408935547}, "RSI": {"min": 7.847019273982028, "diff": 90.8509834083629}, "TRAMA": {"min": 144.7793578011649, "diff": 149.83180422101697}, "Bollinger Middle": {"min": 149.30201377868653, "diff": 144.2164463043213}, "Above Bollinger": {"min": 0, "diff": 1}, "Bellow Bollinger": {"min": 0, "diff": 1}, "Momentum": {"min": -64.73125457763672, "diff": 101.81334686279297}}