{"Close": {"min": 127.28996276855469, "diff": 171.1200408935547}, "RSI": {"min": 7.847019273982028, "diff": 90.8509834083629}, "TRAMA": {"min": 144.7793578011649, "diff": 149.83180422101697}}