{"Close": {"min": 275.20001220703125, "diff": 413.16998291015625}, "earning diffs": {"min": -0.029999999999999805, "diff": 0.3900000000000001}, "Momentum": {"min": -119.39999389648438, "diff": 202.52999877929688}}