{"Close": {"min": 275.20001220703125, "diff": 413.16998291015625}, "Histogram": {"min": -12.097125945481654, "diff": 21.059490541013385}, "Momentum": {"min": -119.39999389648438, "diff": 202.52999877929688}, "Change": {"min": -64.239990234375, "diff": 114.739990234375}, "ema_flips": {"min": 0, "diff": 1}, "signal_flips": {"min": 0, "diff": 1}, "200-day EMA": {"min": 285.8451356967994, "diff": 303.3989394814587}}