{"Close": {"min": 275.20001220703125, "diff": 413.16998291015625}, "RSI": {"min": 1.4185135534964814, "diff": 92.60521145494364}, "TRAMA": {"min": 285.5184273856027, "diff": 386.6644234793527}, "Bollinger Middle": {"min": 286.8004974365234, "diff": 379.97699584960935}, "Above Bollinger": {"min": 0, "diff": 1}, "Bellow Bollinger": {"min": 0, "diff": 1}, "Momentum": {"min": -119.39999389648438, "diff": 202.52999877929688}}