{"Close": {"min": 275.20001220703125, "diff": 413.16998291015625}, "RSI": {"min": 1.4185135534964814, "diff": 92.60521145494364}, "TRAMA": {"min": 285.5184273856027, "diff": 386.6644234793527}}