{"Close": {"min": 60.881492614746094, "diff": 113.35453033447266}, "earning diffs": {"min": -0.5800000000000001, "diff": 1.06}, "Momentum": {"min": -25.099105834960938, "diff": 55.80059814453125}}