{"Close": {"min": 60.881492614746094, "diff": 113.35453033447266}, "Histogram": {"min": -2.1897286312234714, "diff": 5.1716909432636164}, "Momentum": {"min": -25.099105834960938, "diff": 55.80059814453125}, "Change": {"min": -12.098197937011719, "diff": 32.43195343017578}, "ema_flips": {"min": 0, "diff": 1}, "signal_flips": {"min": 0, "diff": 1}, "200-day EMA": {"min": 85.46489760400542, "diff": 66.89722257348632}}