{"Close": {"min": 60.881492614746094, "diff": 113.35453033447266}, "RSI": {"min": 9.995854992394499, "diff": 81.35140205052963}, "TRAMA": {"min": 72.41282926286969, "diff": 96.61858313424248}}