{"Close": {"min": 60.881492614746094, "diff": 113.35453033447266}, "RSI": {"min": 9.995854992394499, "diff": 81.35140205052963}, "TRAMA": {"min": 72.41282926286969, "diff": 96.61858313424248}, "Bollinger Middle": {"min": 74.31080741882325, "diff": 93.9019145965576}, "Above Bollinger": {"min": 0, "diff": 1}, "Bellow Bollinger": {"min": 0, "diff": 1}, "Momentum": {"min": -25.099105834960938, "diff": 55.80059814453125}}