{"Close": {"min": 88.91000366210938, "diff": 293.2699890136719}, "earning diffs": {"min": -0.4600000000000002, "diff": 1.39}, "Momentum": {"min": -106.46000671386719, "diff": 159.08001708984375}}