{"Close": {"min": 88.91000366210938, "diff": 293.2699890136719}, "Histogram": {"min": -9.57123377972717, "diff": 15.499983114442717}, "Momentum": {"min": -106.46000671386719, "diff": 159.08001708984375}, "Change": {"min": -85.24000549316406, "diff": 120.8900146484375}, "ema_flips": {"min": 0, "diff": 1}, "signal_flips": {"min": 0, "diff": 1}, "200-day EMA": {"min": 158.4791274812619, "diff": 169.33634829285086}}