{"Close": {"min": 88.91000366210938, "diff": 293.2699890136719}, "RSI": {"min": 9.768078074043203, "diff": 83.86664442941456}, "TRAMA": {"min": 100.7567151750837, "diff": 276.8494293212891}, "Bollinger Middle": {"min": 103.84300079345704, "diff": 269.5790023803711}, "Above Bollinger": {"min": 0, "diff": 1}, "Bellow Bollinger": {"min": 0, "diff": 1}, "Momentum": {"min": -106.46000671386719, "diff": 159.08001708984375}}