{"Close": {"min": 88.91000366210938, "diff": 293.2699890136719}, "RSI": {"min": 9.768078074043203, "diff": 83.86664442941456}, "TRAMA": {"min": 100.7567151750837, "diff": 276.8494293212891}}