{"Close": {"min": 33.9741325378418, "diff": 29.84625244140625}, "earning diffs": {"min": 0.0, "diff": 0.12}, "Momentum": {"min": -14.906261444091797, "diff": 23.14651870727539}}