{"Close": {"min": 33.9741325378418, "diff": 29.84625244140625}, "Histogram": {"min": -1.3794404507886018, "diff": 2.4294315873868078}, "Momentum": {"min": -14.906261444091797, "diff": 23.14651870727539}, "Change": {"min": -4.528156280517578, "diff": 7.398983001708984}, "ema_flips": {"min": 0, "diff": 1}, "signal_flips": {"min": 0, "diff": 1}, "200-day EMA": {"min": 44.02143372696319, "diff": 16.465440221429596}}