{"Close": {"min": 33.9741325378418, "diff": 29.84625244140625}, "RSI": {"min": 12.156936339292642, "diff": 78.33489756227875}, "TRAMA": {"min": 38.58452093941825, "diff": 24.856745093209405}}