{"Close": {"min": 33.9741325378418, "diff": 29.84625244140625}, "RSI": {"min": 12.156936339292642, "diff": 78.33489756227875}, "TRAMA": {"min": 38.58452093941825, "diff": 24.856745093209405}, "Bollinger Middle": {"min": 39.731916427612305, "diff": 23.628040313720703}, "Above Bollinger": {"min": 0, "diff": 1}, "Bellow Bollinger": {"min": 0, "diff": 1}, "Momentum": {"min": -14.906261444091797, "diff": 23.14651870727539}}