{"Close": {"min": 140.935791015625, "diff": 259.2310485839844}, "earning diffs": {"min": -0.18999999999999995, "diff": 0.9699999999999998}, "Momentum": {"min": -77.66781616210938, "diff": 119.35049438476562}}