{"Close": {"min": 140.935791015625, "diff": 259.2310485839844}, "Histogram": {"min": -6.955362028368427, "diff": 11.022288955135398}, "Momentum": {"min": -77.66781616210938, "diff": 119.35049438476562}, "Change": {"min": -37.70948791503906, "diff": 62.15519714355469}, "ema_flips": {"min": 0, "diff": 1}, "signal_flips": {"min": 0, "diff": 1}, "200-day EMA": {"min": 195.16708155845149, "diff": 141.0693647862614}}