{"Close": {"min": 140.935791015625, "diff": 259.2310485839844}, "RSI": {"min": 8.687346866020349, "diff": 86.96340536316478}, "TRAMA": {"min": 163.33504486083984, "diff": 230.03661738804408}}