{"Close": {"min": 140.935791015625, "diff": 259.2310485839844}, "RSI": {"min": 8.687346866020349, "diff": 86.96340536316478}, "TRAMA": {"min": 163.33504486083984, "diff": 230.03661738804408}, "Bollinger Middle": {"min": 167.58018951416017, "diff": 223.8169937133789}, "Above Bollinger": {"min": 0, "diff": 1}, "Bellow Bollinger": {"min": 0, "diff": 1}, "Momentum": {"min": -77.66781616210938, "diff": 119.35049438476562}}