{"Close": {"min": 26.33597755432129, "diff": 90.9859676361084}, "earning diffs": {"min": -0.08999999999999997, "diff": 0.7500000000000001}, "Momentum": {"min": -18.7322998046875, "diff": 33.645118713378906}}