{"Close": {"min": 26.33597755432129, "diff": 90.9859676361084}, "Histogram": {"min": -1.8619931531604397, "diff": 3.4453494219193304}, "Momentum": {"min": -18.7322998046875, "diff": 33.645118713378906}, "Change": {"min": -6.917503356933594, "diff": 13.331832885742188}, "ema_flips": {"min": 0, "diff": 1}, "signal_flips": {"min": 0, "diff": 1}, "200-day EMA": {"min": 37.21353910233782, "diff": 66.66242831159747}}