{"Close": {"min": 26.33597755432129, "diff": 90.9859676361084}, "RSI": {"min": 6.421073208533784, "diff": 85.91270363269632}, "TRAMA": {"min": 28.99506391797747, "diff": 86.57763712746757}}