{"Close": {"min": 26.33597755432129, "diff": 90.9859676361084}, "RSI": {"min": 6.421073208533784, "diff": 85.91270363269632}, "TRAMA": {"min": 28.99506391797747, "diff": 86.57763712746757}, "Bollinger Middle": {"min": 29.193779850006102, "diff": 85.80830183029175}, "Above Bollinger": {"min": 0, "diff": 1}, "Bellow Bollinger": {"min": 0, "diff": 1}, "Momentum": {"min": -18.7322998046875, "diff": 33.645118713378906}}