{"Close": {"min": 54.923030853271484, "diff": 139.04697036743164}, "earning diffs": {"min": -0.06000000000000005, "diff": 0.47}, "Momentum": {"min": -24.808273315429688, "diff": 49.60357666015625}}