{"Close": {"min": 54.923030853271484, "diff": 139.04697036743164}, "Histogram": {"min": -2.475664031676388, "diff": 4.832520881545053}, "Momentum": {"min": -24.808273315429688, "diff": 49.60357666015625}, "Change": {"min": -10.347175598144531, "diff": 22.31232452392578}, "ema_flips": {"min": 0, "diff": 1}, "signal_flips": {"min": 0, "diff": 1}, "200-day EMA": {"min": 55.56547729349897, "diff": 106.38037481271148}}