{"Close": {"min": 12.013331413269043, "diff": 182.8235673904419}, "Histogram": {"min": -2.4723248175825416, "diff": 4.826002565260932}, "Momentum": {"min": -24.774826049804688, "diff": 49.53669738769531}, "Change": {"min": -10.333229064941406, "diff": 22.282249450683594}, "ema_flips": {"min": 0, "diff": 1}, "signal_flips": {"min": 0, "diff": 1}, "200-day EMA": {"min": 14.408484457057343, "diff": 150.3964708714996}}