{"Close": {"min": 54.923038482666016, "diff": 139.0469627380371}, "Histogram": {"min": -2.4756644628291324, "diff": 4.83252063427581}, "Momentum": {"min": -24.80828857421875, "diff": 49.60359191894531}, "Change": {"min": -10.347152709960938, "diff": 22.312301635742188}, "ema_flips": {"min": 0, "diff": 1}, "signal_flips": {"min": 0, "diff": 1}, "200-day EMA": {"min": 55.56547694827684, "diff": 106.38037512795476}}