{"Close": {"min": 1.5360187292099, "diff": 178.6549755334854}, "Bollinger Middle": {"min": 1.693000477552414, "diff": 172.94007981419566}, "Above Bollinger": {"min": 0, "diff": 1}, "Bellow Bollinger": {"min": 0, "diff": 1}, "Momentum": {"min": -24.77484130859375, "diff": 49.53669738769531}, "RSI": {"min": 0.0, "diff": 97.86466495719819}, "TRAMA": {"min": NaN, "diff": NaN}, "supertrend1": {"min": -1, "diff": 2}, "supertrend2": {"min": -1, "diff": 2}, "supertrend3": {"min": 0, "diff": 0}, "200-day EMA": {"min": 1.8051714737242424, "diff": 154.8415163502642}, "kumo_cloud": {"min": -1, "diff": 2}, "gradual-liquidity spike": {"min": -2.9313456613434243, "diff": 7.151895540379847}, "3-liquidity spike": {"min": 0, "diff": 1}, "momentum_oscillator": {"min": -65.8049583930245, "diff": 134.09339797674642}, "Histogram": {"min": -2.472324959942222, "diff": 4.826003198329994}, "Change": {"min": -10.33319091796875, "diff": 22.282211303710938}, "ema_flips": {"min": 0, "diff": 1}, "signal_flips": {"min": 0, "diff": 1}}