{"Close": {"min": 12.02955436706543, "diff": 183.0704517364502}, "Histogram": {"min": -2.47566261801175, "diff": 4.832520040543656}, "Momentum": {"min": -24.808303833007812, "diff": 49.6036376953125}, "Change": {"min": -10.347175598144531, "diff": 22.31232452392578}, "ema_flips": {"min": 0, "diff": 1}, "signal_flips": {"min": 0, "diff": 1}, "200-day EMA": {"min": 14.427941464109473, "diff": 151.15716662416713}}