{"Close": {"min": 54.923038482666016, "diff": 139.0469627380371}, "RSI": {"min": 3.179948042519129, "diff": 92.60979544802136}, "TRAMA": {"min": 60.10900666373117, "diff": 128.17613519941054}, "Bollinger Middle": {"min": 61.06512889862061, "diff": 125.22087116241457}, "Above Bollinger": {"min": 0, "diff": 1}, "Bellow Bollinger": {"min": 0, "diff": 1}, "Momentum": {"min": -24.808273315429688, "diff": 49.60357666015625}}