{"Close": {"min": 1.5360187292099, "diff": 178.6549755334854}, "Bollinger Middle": {"min": 1.693000477552414, "diff": 172.94007981419566}, "Above Bollinger": {"min": 0, "diff": 1}, "Bellow Bollinger": {"min": 0, "diff": 1}, "Momentum": {"min": -24.77484130859375, "diff": 49.53669738769531}, "Histogram": {"min": -2.472324959942222, "diff": 4.826003198329994}, "Change": {"min": -10.33319091796875, "diff": 22.282211303710938}, "ema_flips": {"min": 0, "diff": 1}, "signal_flips": {"min": 0, "diff": 1}, "200-day EMA": {"min": 1.8051714737242424, "diff": 154.8415163502642}}