{"Close": {"min": 54.92303466796875, "diff": 139.04696655273438}, "RSI": {"min": 3.180246767871992, "diff": 92.60931956645565}, "TRAMA": {"min": 60.109008298601424, "diff": 128.1761335645403}}