{"Close": {"min": 54.923038482666016, "diff": 139.0469627380371}, "Histogram": {"min": -2.4756631324249367, "diff": 4.832518439360224}, "Momentum": {"min": -24.808273315429688, "diff": 49.60357666015625}, "Change": {"min": -10.347145080566406, "diff": 22.312294006347656}, "ema_flips": {"min": 0, "diff": 1}, "signal_flips": {"min": 0, "diff": 1}, "200-day EMA": {"min": 55.565476404979506, "diff": 106.38037566608617}}