{"Close": {"min": 54.923030853271484, "diff": 139.04697036743164}, "RSI": {"min": 3.1801616211470076, "diff": 92.60922755833859}, "TRAMA": {"min": 60.109005137852265, "diff": 128.17613672528944}}