{"Close": {"min": 13.970980644226074, "diff": 8.234393119812012}, "earning diffs": {"min": -0.010000000000000009, "diff": 0.10999999999999999}, "Momentum": {"min": -4.880180358886719, "diff": 8.232068061828613}}