{"Close": {"min": 13.970980644226074, "diff": 8.234393119812012}, "Histogram": {"min": -0.43688269310131533, "diff": 0.8199066076082207}, "Momentum": {"min": -4.880180358886719, "diff": 8.232068061828613}, "Change": {"min": -2.0140914916992188, "diff": 3.800079345703125}, "ema_flips": {"min": 0, "diff": 1}, "signal_flips": {"min": 0, "diff": 1}, "200-day EMA": {"min": 16.964735980580713, "diff": 3.30813829342609}}