{"Close": {"min": 13.970980644226074, "diff": 8.234393119812012}, "RSI": {"min": 6.372615450842204, "diff": 84.51799834616668}, "TRAMA": {"min": 14.55051680973598, "diff": 7.3405803407941566}, "Bollinger Middle": {"min": 14.64269299507141, "diff": 7.213776350021362}, "Above Bollinger": {"min": 0, "diff": 1}, "Bellow Bollinger": {"min": 0, "diff": 1}, "Momentum": {"min": -4.880180358886719, "diff": 8.232068061828613}}