{"Close": {"min": 13.970980644226074, "diff": 8.234393119812012}, "RSI": {"min": 6.372615450842204, "diff": 84.51799834616668}, "TRAMA": {"min": 14.55051680973598, "diff": 7.3405803407941566}}