{"Close": {"min": 76.90018463134766, "diff": 69.84186553955078}, "earning diffs": {"min": 0.0, "diff": 0.2799999999999998}, "Momentum": {"min": -28.57892608642578, "diff": 46.367271423339844}}