{"Close": {"min": 76.90018463134766, "diff": 69.84186553955078}, "Histogram": {"min": -3.0284974876041737, "diff": 5.501305680650301}, "Momentum": {"min": -28.57892608642578, "diff": 46.367271423339844}, "Change": {"min": -12.301414489746094, "diff": 20.991943359375}, "ema_flips": {"min": 0, "diff": 1}, "signal_flips": {"min": 0, "diff": 1}, "200-day EMA": {"min": 101.55705902886282, "diff": 29.55012322214398}}