{"Close": {"min": 76.90018463134766, "diff": 69.84186553955078}, "RSI": {"min": 5.354588521788969, "diff": 91.02357179247201}, "TRAMA": {"min": 85.16933495657784, "diff": 59.54907346452987}, "Bollinger Middle": {"min": 86.6561237335205, "diff": 57.44482078552247}, "Above Bollinger": {"min": 0, "diff": 1}, "Bellow Bollinger": {"min": 0, "diff": 1}, "Momentum": {"min": -28.57892608642578, "diff": 46.367271423339844}}