{"Close": {"min": 76.90018463134766, "diff": 69.84186553955078}, "RSI": {"min": 5.354588521788969, "diff": 91.02357179247201}, "TRAMA": {"min": 85.16933495657784, "diff": 59.54907346452987}}