{"Close": {"min": 162.1300048828125, "diff": 197.44000244140625}, "earning diffs": {"min": -0.5699999999999998, "diff": 1.4499999999999997}, "Momentum": {"min": -46.3900146484375, "diff": 78.55001831054688}}