{"Close": {"min": 162.1300048828125, "diff": 197.44000244140625}, "Histogram": {"min": -3.8119932787267263, "diff": 6.95542753133053}, "Momentum": {"min": -46.3900146484375, "diff": 78.55001831054688}, "Change": {"min": -18.669998168945312, "diff": 39.09999084472656}, "ema_flips": {"min": 0, "diff": 1}, "signal_flips": {"min": 0, "diff": 1}, "200-day EMA": {"min": 195.6656953782107, "diff": 118.76110791976672}}