{"Close": {"min": 162.1300048828125, "diff": 197.44000244140625}, "RSI": {"min": 10.44798078210367, "diff": 84.00315691695897}, "TRAMA": {"min": 173.6267159598214, "diff": 178.52228262765067}, "Bollinger Middle": {"min": 176.40850067138672, "diff": 174.06549682617185}, "Above Bollinger": {"min": 0, "diff": 1}, "Bellow Bollinger": {"min": 0, "diff": 1}, "Momentum": {"min": -46.3900146484375, "diff": 78.55001831054688}}