{"Close": {"min": 162.1300048828125, "diff": 197.44000244140625}, "RSI": {"min": 10.44798078210367, "diff": 84.00315691695897}, "TRAMA": {"min": 173.6267159598214, "diff": 178.52228262765067}}