{"Close": {"min": 132.75270080566406, "diff": 114.54985046386719}, "earning diffs": {"min": 0.029999999999999805, "diff": 0.20000000000000018}, "Momentum": {"min": -44.80181884765625, "diff": 77.76011657714844}}