{"Close": {"min": 132.75270080566406, "diff": 114.54985046386719}, "Histogram": {"min": -3.5938400174018295, "diff": 6.9149761300071795}, "Momentum": {"min": -44.80181884765625, "diff": 77.76011657714844}, "Change": {"min": -23.295791625976562, "diff": 44.89727783203125}, "ema_flips": {"min": 0, "diff": 1}, "signal_flips": {"min": 0, "diff": 1}, "200-day EMA": {"min": 167.65050108373035, "diff": 53.78838418189795}}