{"Close": {"min": 132.75270080566406, "diff": 114.54985046386719}, "RSI": {"min": 6.564837015799085, "diff": 83.98260984451805}, "TRAMA": {"min": 152.5061551775251, "diff": 90.6454278128488}, "Bollinger Middle": {"min": 155.29929962158204, "diff": 85.2976119995117}, "Above Bollinger": {"min": 0, "diff": 1}, "Bellow Bollinger": {"min": 0, "diff": 1}, "Momentum": {"min": -44.80181884765625, "diff": 77.76011657714844}}