{"Close": {"min": 132.75270080566406, "diff": 114.54985046386719}, "RSI": {"min": 6.564837015799085, "diff": 83.98260984451805}, "TRAMA": {"min": 152.5061551775251, "diff": 90.6454278128488}}