{"Close": {"min": 52.83100128173828, "diff": 97.87799835205078}, "earning diffs": {"min": -0.18999999999999995, "diff": 0.71}, "Momentum": {"min": -17.040000915527344, "diff": 35.349998474121094}}