{"Close": {"min": 52.83100128173828, "diff": 97.87799835205078}, "Histogram": {"min": -1.7267719257602168, "diff": 3.417665400008025}, "Momentum": {"min": -17.040000915527344, "diff": 35.349998474121094}, "Change": {"min": -10.110000610351562, "diff": 20.26800537109375}, "ema_flips": {"min": 0, "diff": 1}, "signal_flips": {"min": 0, "diff": 1}, "200-day EMA": {"min": 61.25317252049819, "diff": 72.6555125878493}}