{"Close": {"min": 52.83100128173828, "diff": 97.87799835205078}, "RSI": {"min": 13.377391863137149, "diff": 78.58839646759536}, "TRAMA": {"min": 55.75702879769461, "diff": 93.21604924883164}, "Bollinger Middle": {"min": 56.517225074768064, "diff": 91.43830013275148}, "Above Bollinger": {"min": 0, "diff": 1}, "Bellow Bollinger": {"min": 0, "diff": 1}, "Momentum": {"min": -17.040000915527344, "diff": 35.349998474121094}}