{"Close": {"min": 52.83100128173828, "diff": 97.87799835205078}, "RSI": {"min": 13.377391863137149, "diff": 78.58839646759536}, "TRAMA": {"min": 55.75702879769461, "diff": 93.21604924883164}}