{"Close": {"min": 84.16999816894531, "diff": 117.74000549316406}, "earning diffs": {"min": -0.29000000000000004, "diff": 1.02}, "Momentum": {"min": -30.37999725341797, "diff": 58.969993591308594}}