{"Close": {"min": 84.16999816894531, "diff": 117.74000549316406}, "Histogram": {"min": -2.485950994634929, "diff": 4.844414427233692}, "Momentum": {"min": -30.37999725341797, "diff": 58.969993591308594}, "Change": {"min": -13.700004577636719, "diff": 34.730003356933594}, "ema_flips": {"min": 0, "diff": 1}, "signal_flips": {"min": 0, "diff": 1}, "200-day EMA": {"min": 99.68161152394661, "diff": 73.27929852277605}}