{"Close": {"min": 84.16999816894531, "diff": 117.74000549316406}, "RSI": {"min": 2.5558453807006885, "diff": 91.20868161310314}, "TRAMA": {"min": 88.0374287196568, "diff": 106.7664291381836}, "Bollinger Middle": {"min": 89.70149993896484, "diff": 104.38499908447267}, "Above Bollinger": {"min": 0, "diff": 1}, "Bellow Bollinger": {"min": 0, "diff": 1}, "Momentum": {"min": -30.37999725341797, "diff": 58.969993591308594}}