{"Close": {"min": 84.16999816894531, "diff": 117.74000549316406}, "RSI": {"min": 2.5558453807006885, "diff": 91.20868161310314}, "TRAMA": {"min": 88.0374287196568, "diff": 106.7664291381836}}