{"Close": {"min": 48.94647216796875, "diff": 389.1335144042969}, "earning diffs": {"min": -0.75, "diff": 0.92}, "Momentum": {"min": -71.44580078125, "diff": 183.01425170898438}}