{"Close": {"min": 48.94647216796875, "diff": 389.1335144042969}, "Histogram": {"min": -6.91886928063637, "diff": 17.292108899905504}, "Momentum": {"min": -71.44580078125, "diff": 183.01425170898438}, "Change": {"min": -22.76763916015625, "diff": 97.17990112304688}, "ema_flips": {"min": 0, "diff": 1}, "signal_flips": {"min": 0, "diff": 1}, "200-day EMA": {"min": 47.58981389305461, "diff": 219.43160555320145}}