{"Close": {"min": 48.94647216796875, "diff": 389.1335144042969}, "RSI": {"min": 14.773563937531549, "diff": 80.3520753660962}, "TRAMA": {"min": 57.38578469412668, "diff": 365.5016464233398}, "Bollinger Middle": {"min": 56.547325897216794, "diff": 358.0876777648926}, "Above Bollinger": {"min": 0, "diff": 1}, "Bellow Bollinger": {"min": 0, "diff": 1}, "Momentum": {"min": -71.44580078125, "diff": 183.01425170898438}}