{"Close": {"min": 48.94647216796875, "diff": 389.1335144042969}, "RSI": {"min": 14.773563937531549, "diff": 80.3520753660962}, "TRAMA": {"min": 57.38578469412668, "diff": 365.5016464233398}}