{"Close": {"min": 47.94284439086914, "diff": 59.39077377319336}, "earning diffs": {"min": 0.050000000000000044, "diff": 0.6600000000000001}, "Momentum": {"min": -13.218643188476562, "diff": 27.677284240722656}}