{"Close": {"min": 47.94284439086914, "diff": 59.39077377319336}, "Histogram": {"min": -1.2533885220418461, "diff": 2.568861120274536}, "Momentum": {"min": -13.218643188476562, "diff": 27.677284240722656}, "Change": {"min": -10.114456176757812, "diff": 15.999031066894531}, "ema_flips": {"min": 0, "diff": 1}, "signal_flips": {"min": 0, "diff": 1}, "200-day EMA": {"min": 57.56707794853438, "diff": 37.66750316321643}}