{"Close": {"min": 47.94284439086914, "diff": 59.39077377319336}, "RSI": {"min": 6.756654420796181, "diff": 85.98348812808239}, "TRAMA": {"min": 51.68096760341099, "diff": 52.18324203491211}}