{"Close": {"min": 47.94284439086914, "diff": 59.39077377319336}, "RSI": {"min": 6.756654420796181, "diff": 85.98348812808239}, "TRAMA": {"min": 51.68096760341099, "diff": 52.18324203491211}, "Bollinger Middle": {"min": 51.82822666168213, "diff": 50.759660911560054}, "Above Bollinger": {"min": 0, "diff": 1}, "Bellow Bollinger": {"min": 0, "diff": 1}, "Momentum": {"min": -13.218643188476562, "diff": 27.677284240722656}}