{"Close": {"min": 33.83671188354492, "diff": 75.9321174621582}, "earning diffs": {"min": -0.3899999999999999, "diff": 1.2}, "Momentum": {"min": -27.974628448486328, "diff": 43.02968978881836}}