{"Close": {"min": 33.83671188354492, "diff": 75.9321174621582}, "Histogram": {"min": -2.5095962146013298, "diff": 3.9928928578978446}, "Momentum": {"min": -27.974628448486328, "diff": 43.02968978881836}, "Change": {"min": -7.334369659423828, "diff": 14.784610748291016}, "ema_flips": {"min": 0, "diff": 1}, "signal_flips": {"min": 0, "diff": 1}, "200-day EMA": {"min": 46.26176508095473, "diff": 40.541492177544555}}