{"Close": {"min": 33.836708068847656, "diff": 75.93212127685547}, "Histogram": {"min": -2.5095968909764528, "diff": 3.9928941447521216}, "Momentum": {"min": -27.97463607788086, "diff": 43.02968978881836}, "Change": {"min": -7.334369659423828, "diff": 14.784618377685547}, "ema_flips": {"min": 0, "diff": 1}, "signal_flips": {"min": 0, "diff": 1}, "200-day EMA": {"min": 46.26176569907007, "diff": 40.54149147416774}}