{"Close": {"min": 33.836708068847656, "diff": 75.93212127685547}, "RSI": {"min": 6.064258365455842, "diff": 90.1625881055913}, "TRAMA": {"min": 37.606912830897734, "diff": 68.70533060346332}}