{"Close": {"min": 33.83671188354492, "diff": 75.9321174621582}, "RSI": {"min": 6.064173138866138, "diff": 90.162673332181}, "TRAMA": {"min": 37.606912067958284, "diff": 68.70533136640276}, "Bollinger Middle": {"min": 38.43147869110108, "diff": 67.68005619049072}, "Above Bollinger": {"min": 0, "diff": 1}, "Bellow Bollinger": {"min": 0, "diff": 1}, "Momentum": {"min": -27.974628448486328, "diff": 43.02968978881836}}