{"Close": {"min": 33.83671188354492, "diff": 75.9321174621582}, "RSI": {"min": 6.064173138866138, "diff": 90.162673332181}, "TRAMA": {"min": 37.606912067958284, "diff": 68.70533136640276}}