{"Close": {"min": 95.01000213623047, "diff": 250.38501739501953}, "earning diffs": {"min": -7.2700000000000005, "diff": 8.5}, "Momentum": {"min": -181.22999572753906, "diff": 274.1999969482422}}