{"Close": {"min": 95.01000213623047, "diff": 250.38501739501953}, "Histogram": {"min": -16.10468020524766, "diff": 25.839523856098907}, "Momentum": {"min": -181.22999572753906, "diff": 274.1999969482422}, "Change": {"min": -41.92999267578125, "diff": 72.97998809814453}, "ema_flips": {"min": 0, "diff": 1}, "signal_flips": {"min": 0, "diff": 1}, "200-day EMA": {"min": 160.52243304655363, "diff": 190.61424008928358}}