{"Close": {"min": 95.01000213623047, "diff": 250.38501739501953}, "RSI": {"min": 1.275108921945872, "diff": 89.7202315804123}, "TRAMA": {"min": 126.23157065255302, "diff": 210.25133950369698}}