{"Close": {"min": 95.01000213623047, "diff": 250.38501739501953}, "RSI": {"min": 1.275108921945872, "diff": 89.7202315804123}, "TRAMA": {"min": 126.23157065255302, "diff": 210.25133950369698}, "Bollinger Middle": {"min": 129.0989990234375, "diff": 206.30296020507814}, "Above Bollinger": {"min": 0, "diff": 1}, "Bellow Bollinger": {"min": 0, "diff": 1}, "Momentum": {"min": -181.22999572753906, "diff": 274.1999969482422}}