{"Close": {"min": 98.4018783569336, "diff": 59.798118591308594}, "earning diffs": {"min": -0.17999999999999994, "diff": 0.6599999999999999}, "Momentum": {"min": -33.13587951660156, "diff": 50.41460418701172}}