{"Close": {"min": 98.4018783569336, "diff": 59.798118591308594}, "Histogram": {"min": -3.8933643392342416, "diff": 5.378234550073024}, "Momentum": {"min": -33.13587951660156, "diff": 50.41460418701172}, "Change": {"min": -16.592544555664062, "diff": 28.41400146484375}, "ema_flips": {"min": 0, "diff": 1}, "signal_flips": {"min": 0, "diff": 1}, "200-day EMA": {"min": 105.41597105410212, "diff": 39.76302284806407}}