{"Close": {"min": 98.4018783569336, "diff": 59.798118591308594}, "RSI": {"min": 11.724804478097198, "diff": 85.19324234769151}, "TRAMA": {"min": 107.66398304530553, "diff": 48.353160640171595}}