{"Close": {"min": 98.4018783569336, "diff": 59.798118591308594}, "RSI": {"min": 11.724804478097198, "diff": 85.19324234769151}, "TRAMA": {"min": 107.66398304530553, "diff": 48.353160640171595}, "Bollinger Middle": {"min": 108.26037826538087, "diff": 46.95812225341797}, "Above Bollinger": {"min": 0, "diff": 1}, "Bellow Bollinger": {"min": 0, "diff": 1}, "Momentum": {"min": -33.13587951660156, "diff": 50.41460418701172}}