{"Close": {"min": 0.5099999904632568, "diff": 6.479999780654907}, "earning diffs": {"min": -0.15999999999999998, "diff": 0.37039999999999995}, "Momentum": {"min": -2.5699996948242188, "diff": 5.022184371948242}}