{"Close": {"min": 0.5099999904632568, "diff": 6.479999780654907}, "Histogram": {"min": -0.2026781632623451, "diff": 0.4141637356647834}, "Momentum": {"min": -2.5699996948242188, "diff": 5.022184371948242}, "Change": {"min": -1.5099997520446777, "diff": 3.5500197410583496}, "ema_flips": {"min": 0, "diff": 1}, "signal_flips": {"min": 0, "diff": 1}, "200-day EMA": {"min": 0.7276128238229331, "diff": 2.3257000981917537}}