{"Close": {"min": 0.5099999904632568, "diff": 6.479999780654907}, "RSI": {"min": 7.017556701521443, "diff": 85.05041604490445}, "TRAMA": {"min": 0.5595714271068573, "diff": 4.5229436457157135}, "Bollinger Middle": {"min": 0.5689999997615814, "diff": 4.205049282312393}, "Above Bollinger": {"min": 0, "diff": 1}, "Bellow Bollinger": {"min": 0, "diff": 1}, "Momentum": {"min": -2.5699996948242188, "diff": 5.022184371948242}}