{"Close": {"min": 0.5099999904632568, "diff": 6.479999780654907}, "RSI": {"min": 7.017556701521443, "diff": 85.05041604490445}, "TRAMA": {"min": 0.5595714271068573, "diff": 4.5229436457157135}}