{"Close": {"min": 52.75261306762695, "diff": 68.1672477722168}, "earning diffs": {"min": -0.08000000000000007, "diff": 0.31000000000000005}, "Momentum": {"min": -22.279136657714844, "diff": 35.123809814453125}}