{"Close": {"min": 52.75261306762695, "diff": 68.1672477722168}, "Histogram": {"min": -1.8262528731288157, "diff": 3.499690687361341}, "Momentum": {"min": -22.279136657714844, "diff": 35.123809814453125}, "Change": {"min": -10.610450744628906, "diff": 18.411441802978516}, "ema_flips": {"min": 0, "diff": 1}, "signal_flips": {"min": 0, "diff": 1}, "200-day EMA": {"min": 72.82192531657832, "diff": 34.26810010059205}}