{"Close": {"min": 52.75261306762695, "diff": 68.1672477722168}, "RSI": {"min": 5.550682476263546, "diff": 84.42447314256228}, "TRAMA": {"min": 58.95700280325754, "diff": 57.62332447596958}, "Bollinger Middle": {"min": 59.83764019012451, "diff": 55.76139850616455}, "Above Bollinger": {"min": 0, "diff": 1}, "Bellow Bollinger": {"min": 0, "diff": 1}, "Momentum": {"min": -22.279136657714844, "diff": 35.123809814453125}}